-- phpMyAdmin SQL Dump
-- version 5.1.1
-- https://www.phpmyadmin.net/
--
-- Хост: 127.0.0.1
-- Время создания: Июл 01 2024 г., 18:34
-- Версия сервера: 10.4.22-MariaDB
-- Версия PHP: 8.0.13

SET SQL_MODE = "NO_AUTO_VALUE_ON_ZERO";
START TRANSACTION;
SET time_zone = "+00:00";


/*!40101 SET @OLD_CHARACTER_SET_CLIENT=@@CHARACTER_SET_CLIENT */;
/*!40101 SET @OLD_CHARACTER_SET_RESULTS=@@CHARACTER_SET_RESULTS */;
/*!40101 SET @OLD_COLLATION_CONNECTION=@@COLLATION_CONNECTION */;
/*!40101 SET NAMES utf8mb4 */;

--
-- База данных: `laravel`
--

-- --------------------------------------------------------

--
-- Структура таблицы `answer`
--

CREATE TABLE `answer` (
  `id` bigint(20) UNSIGNED NOT NULL,
  `text` varchar(255) COLLATE utf8mb4_unicode_ci NOT NULL,
  `datetime` datetime NOT NULL
) ENGINE=InnoDB DEFAULT CHARSET=utf8mb4 COLLATE=utf8mb4_unicode_ci;

--
-- Дамп данных таблицы `answer`
--

INSERT INTO `answer` (`id`, `text`, `datetime`) VALUES
(1, 'Отказано по причине ...', '2022-06-16 01:54:57'),
(2, 'Текст причины отказа', '2022-06-16 02:23:49'),
(3, 'Отчет не одобрен по причине: ...', '2022-06-16 03:31:49'),
(4, 'В заявке отказано потому что...', '2022-06-16 08:52:38'),
(5, 'В заявке отказано потому что...', '2022-06-16 08:52:45'),
(6, 'В заявке отказано потому что...', '2022-06-16 08:55:12'),
(7, 'В заявке отказано потому что...', '2022-06-16 08:55:17'),
(8, 'В отчете отказано потому что...', '2022-06-16 09:21:57'),
(9, 'В отчете отказано потому что...', '2022-06-16 09:22:07'),
(10, 'В отчете отказано потому что...', '2022-06-16 09:23:03'),
(11, 'В отчете отказано потому что...', '2022-06-16 09:23:08'),
(12, 'Текст причины отказа', '2022-06-17 15:45:53'),
(13, 'Текст причины отказа', '2022-06-17 15:45:57'),
(14, 'Текст причины отказа', '2022-06-17 15:46:02');

-- --------------------------------------------------------

--
-- Структура таблицы `answer_application`
--

CREATE TABLE `answer_application` (
  `id` bigint(20) UNSIGNED NOT NULL,
  `id_user_application` int(11) NOT NULL,
  `id_answer` int(11) NOT NULL
) ENGINE=InnoDB DEFAULT CHARSET=utf8mb4 COLLATE=utf8mb4_unicode_ci;

--
-- Дамп данных таблицы `answer_application`
--

INSERT INTO `answer_application` (`id`, `id_user_application`, `id_answer`) VALUES
(1, 1, 1),
(2, 2, 2),
(3, 25, 4),
(4, 19, 5),
(5, 24, 6),
(6, 18, 7);

-- --------------------------------------------------------

--
-- Структура таблицы `answer_report`
--

CREATE TABLE `answer_report` (
  `id` bigint(20) UNSIGNED NOT NULL,
  `id_user_report` int(11) NOT NULL,
  `id_answer` int(11) NOT NULL
) ENGINE=InnoDB DEFAULT CHARSET=utf8mb4 COLLATE=utf8mb4_unicode_ci;

--
-- Дамп данных таблицы `answer_report`
--

INSERT INTO `answer_report` (`id`, `id_user_report`, `id_answer`) VALUES
(1, 1, 3),
(2, 42, 8),
(3, 43, 9),
(4, 34, 10),
(5, 35, 11),
(6, 26, 12),
(7, 30, 13),
(8, 31, 14);

-- --------------------------------------------------------

--
-- Структура таблицы `application_user`
--

CREATE TABLE `application_user` (
  `id` bigint(20) UNSIGNED NOT NULL,
  `id_user` int(11) NOT NULL,
  `id_mission` int(11) NOT NULL,
  `state` varchar(255) COLLATE utf8mb4_unicode_ci NOT NULL,
  `text` varchar(255) COLLATE utf8mb4_unicode_ci NOT NULL,
  `date` datetime NOT NULL,
  `score` double(8,2) DEFAULT NULL
) ENGINE=InnoDB DEFAULT CHARSET=utf8mb4 COLLATE=utf8mb4_unicode_ci;

--
-- Дамп данных таблицы `application_user`
--

INSERT INTO `application_user` (`id`, `id_user`, `id_mission`, `state`, `text`, `date`, `score`) VALUES
(1, 8, 12, 'Одобрено ректором', 'Я ФИО преподавателя обязуюсь выполнить индивидуальное задание и ...', '2022-06-16 01:19:02', 1.50),
(2, 8, 2, 'На рассмотрении', 'Текст заявки от преподавателя', '2022-06-16 02:19:28', NULL),
(3, 8, 9, 'Одобрено ректором', 'Текст заявки от преподавателя', '2022-06-16 08:40:41', 1.00),
(4, 8, 8, 'Одобрено ректором', 'Текст заявки от преподавателя', '2022-06-16 08:40:47', 1.00),
(5, 8, 7, 'Одобрено ректором', 'Текст заявки от преподавателя', '2022-06-16 08:40:53', 0.50),
(6, 8, 6, 'Одобрено ректором', 'Текст заявки от преподавателя', '2022-06-16 08:41:00', 1.50),
(7, 8, 3, 'На рассмотрении', 'Текст заявки от преподавателя', '2022-06-16 08:41:08', NULL),
(8, 9, 9, 'Одобрено ректором', 'Текст заявки от преподавателя', '2022-06-16 08:42:39', 1.00),
(9, 9, 8, 'Одобрено ректором', 'Текст заявки от преподавателя', '2022-06-16 08:42:45', 1.00),
(10, 9, 7, 'Одобрено ректором', 'Текст заявки от преподавателя', '2022-06-16 08:42:51', 1.00),
(11, 9, 6, 'Одобрено ректором', 'Текст заявки от преподавателя', '2022-06-16 08:42:57', 1.00),
(12, 9, 3, 'На рассмотрении', 'Текст заявки от преподавателя', '2022-06-16 08:43:02', NULL),
(13, 9, 2, 'На рассмотрении', 'Текст заявки от преподавателя', '2022-06-16 08:43:10', NULL),
(14, 10, 9, 'Одобрено ректором', 'Текст заявки от преподавателя', '2022-06-16 08:43:35', 1.00),
(15, 10, 8, 'Одобрено ректором', 'Текст заявки от преподавателя', '2022-06-16 08:43:40', 0.50),
(16, 10, 7, 'Одобрено ректором', 'Текст заявки от преподавателя', '2022-06-16 08:43:46', 0.50),
(17, 10, 6, 'Одобрено ректором', 'Текст заявки от преподавателя', '2022-06-16 08:43:51', 0.50),
(18, 10, 3, 'Отказано', 'Текст заявки от преподавателя', '2022-06-16 08:44:04', NULL),
(19, 10, 2, 'Отказано', 'Текст заявки от преподавателя', '2022-06-16 08:44:12', NULL),
(20, 11, 9, 'Одобрено ректором', 'Текст заявки от преподавателя', '2022-06-16 08:44:39', 1.00),
(21, 11, 8, 'Одобрено ректором', 'Текст заявки от преподавателя', '2022-06-16 08:44:44', 0.50),
(22, 11, 7, 'Одобрено ректором', 'Текст заявки от преподавателя', '2022-06-16 08:44:50', 1.00),
(23, 11, 6, 'Одобрено ректором', 'Текст заявки от преподавателя', '2022-06-16 08:44:56', 1.00),
(24, 11, 3, 'Отказано', 'Текст заявки от преподавателя', '2022-06-16 08:45:10', NULL),
(25, 11, 2, 'Отказано', 'Текст заявки от преподавателя', '2022-06-16 08:45:16', NULL),
(26, 12, 9, 'Одобрено ректором', 'Текст заявки от преподавателя', '2022-06-16 08:45:35', 1.00),
(27, 12, 8, 'Одобрено ректором', 'Текст заявки от преподавателя', '2022-06-16 08:45:40', 1.00),
(28, 12, 7, 'Одобрено ректором', 'Текст заявки от преподавателя', '2022-06-16 08:45:45', 1.00),
(29, 12, 6, 'Одобрено ректором', 'Текст заявки от преподавателя', '2022-06-16 08:45:50', 0.50),
(30, 12, 3, 'Ожидает ответа', 'Текст заявки от преподавателя', '2022-06-16 08:45:55', 1.50),
(31, 12, 2, 'Ожидает ответа', 'Текст заявки от преподавателя', '2022-06-16 08:46:02', 1.00),
(32, 13, 9, 'Одобрено ректором', 'Текст заявки от преподавателя', '2022-06-16 08:46:28', 1.00),
(33, 13, 8, 'Одобрено ректором', 'Текст заявки от преподавателя', '2022-06-16 08:46:33', 1.00),
(34, 13, 7, 'Одобрено ректором', 'Текст заявки от преподавателя', '2022-06-16 08:46:38', 0.50),
(35, 13, 6, 'Одобрено ректором', 'Текст заявки от преподавателя', '2022-06-16 08:46:44', 1.00),
(36, 13, 3, 'Ожидает ответа', 'Текст заявки от преподавателя', '2022-06-16 08:46:51', 1.00),
(37, 13, 2, 'Ожидает ответа', 'Текст заявки от преподавателя', '2022-06-16 08:46:57', 2.00),
(38, 14, 9, 'Одобрено ректором', 'Текст заявки от преподавателя', '2022-06-16 08:47:23', 0.50),
(39, 14, 8, 'Одобрено ректором', 'Текст заявки от преподавателя', '2022-06-16 08:47:29', 0.50),
(40, 14, 7, 'Одобрено ректором', 'Текст заявки от преподавателя', '2022-06-16 08:47:34', 1.00),
(41, 14, 6, 'Одобрено ректором', 'Текст заявки от преподавателя', '2022-06-16 08:47:41', 1.00),
(42, 14, 3, 'Одобрено', 'Текст заявки от преподавателя', '2022-06-16 08:47:49', 1.50),
(43, 14, 2, 'Одобрено', 'Текст заявки от преподавателя', '2022-06-16 08:47:55', 1.00),
(44, 15, 9, 'Одобрено ректором', 'Текст заявки от преподавателя', '2022-06-16 08:48:14', 0.50),
(45, 15, 8, 'Одобрено ректором', 'Текст заявки от преподавателя', '2022-06-16 08:48:19', 0.50),
(46, 15, 7, 'Одобрено ректором', 'Текст заявки от преподавателя', '2022-06-16 08:48:24', 0.50),
(47, 15, 6, 'Одобрено ректором', 'Текст заявки от преподавателя', '2022-06-16 08:48:29', 1.00),
(48, 15, 3, 'Одобрено', 'Текст заявки от преподавателя', '2022-06-16 08:48:36', 1.00),
(49, 15, 2, 'Одобрено', 'Текст заявки от преподавателя', '2022-06-16 08:48:43', 0.50),
(50, 16, 9, 'Одобрено ректором', 'Текст заявки от преподавателя', '2022-06-16 08:49:14', 0.50),
(51, 16, 8, 'Одобрено ректором', 'Текст заявки от преподавателя', '2022-06-16 08:49:20', 1.00),
(52, 16, 7, 'Одобрено ректором', 'Текст заявки от преподавателя', '2022-06-16 08:49:25', 0.50),
(53, 16, 6, 'Одобрено ректором', 'Текст заявки от преподавателя', '2022-06-16 08:49:31', 1.00),
(54, 16, 3, 'Одобрено ректором', 'Текст заявки от преподавателя', '2022-06-16 08:49:38', 1.50),
(55, 16, 2, 'Одобрено ректором', 'Текст заявки от преподавателя', '2022-06-16 08:49:45', 1.50),
(56, 17, 9, 'Одобрено ректором', 'Текст заявки от преподавателя', '2022-06-16 08:50:07', 1.00),
(57, 17, 8, 'Одобрено ректором', 'Текст заявки от преподавателя', '2022-06-16 08:50:12', 1.00),
(58, 17, 7, 'Одобрено ректором', 'Текст заявки от преподавателя', '2022-06-16 08:50:17', 1.00),
(59, 17, 6, 'Одобрено ректором', 'Текст заявки от преподавателя', '2022-06-16 08:50:23', 1.00),
(60, 17, 3, 'Одобрено ректором', 'Текст заявки от преподавателя', '2022-06-16 08:50:31', 1.00),
(61, 17, 2, 'Одобрено ректором', 'Текст заявки от преподавателя', '2022-06-16 08:50:38', 1.00);

-- --------------------------------------------------------

--
-- Структура таблицы `departament`
--

CREATE TABLE `departament` (
  `id` bigint(20) UNSIGNED NOT NULL,
  `name` varchar(255) COLLATE utf8mb4_unicode_ci NOT NULL
) ENGINE=InnoDB DEFAULT CHARSET=utf8mb4 COLLATE=utf8mb4_unicode_ci;

--
-- Дамп данных таблицы `departament`
--

INSERT INTO `departament` (`id`, `name`) VALUES
(1, 'ИСАУ'),
(2, 'ФЕИН'),
(3, 'ИФИ'),
(4, 'ФСГН'),
(5, 'ОК');

-- --------------------------------------------------------

--
-- Структура таблицы `failed_jobs`
--

CREATE TABLE `failed_jobs` (
  `id` bigint(20) UNSIGNED NOT NULL,
  `uuid` varchar(255) COLLATE utf8mb4_unicode_ci NOT NULL,
  `connection` text COLLATE utf8mb4_unicode_ci NOT NULL,
  `queue` text COLLATE utf8mb4_unicode_ci NOT NULL,
  `payload` longtext COLLATE utf8mb4_unicode_ci NOT NULL,
  `exception` longtext COLLATE utf8mb4_unicode_ci NOT NULL,
  `failed_at` timestamp NOT NULL DEFAULT current_timestamp()
) ENGINE=InnoDB DEFAULT CHARSET=utf8mb4 COLLATE=utf8mb4_unicode_ci;

-- --------------------------------------------------------

--
-- Структура таблицы `migrations`
--

CREATE TABLE `migrations` (
  `id` int(10) UNSIGNED NOT NULL,
  `migration` varchar(255) COLLATE utf8mb4_unicode_ci NOT NULL,
  `batch` int(11) NOT NULL
) ENGINE=InnoDB DEFAULT CHARSET=utf8mb4 COLLATE=utf8mb4_unicode_ci;

--
-- Дамп данных таблицы `migrations`
--

INSERT INTO `migrations` (`id`, `migration`, `batch`) VALUES
(27, '2014_10_12_000000_create_users_table', 1),
(28, '2014_10_12_100000_create_password_resets_table', 1),
(29, '2019_08_19_000000_create_failed_jobs_table', 1),
(30, '2019_12_14_000001_create_personal_access_tokens_table', 1),
(31, '2022_06_06_155424_create_roles_table', 1),
(32, '2022_06_07_130253_create_notification_table', 1),
(33, '2022_06_07_131059_create_user_notification_table', 1),
(34, '2022_06_07_151506_create_departament_table', 1),
(35, '2022_06_07_152523_create_missions_table', 1),
(36, '2022_06_07_155952_create_application_user_table', 1),
(37, '2022_06_07_200852_create_answer_table', 1),
(38, '2022_06_07_201021_create_answer_application_table', 1),
(39, '2022_06_08_011839_create_report_user_table', 1),
(40, '2022_06_08_025026_create_answer_report_table', 1);

-- --------------------------------------------------------

--
-- Структура таблицы `missions`
--

CREATE TABLE `missions` (
  `id` bigint(20) UNSIGNED NOT NULL,
  `name` varchar(255) COLLATE utf8mb4_unicode_ci NOT NULL,
  `max_score` double(8,2) NOT NULL,
  `id_vice_rector` int(11) NOT NULL,
  `text` varchar(255) COLLATE utf8mb4_unicode_ci NOT NULL,
  `max_workers` int(11) NOT NULL,
  `date_start` datetime NOT NULL,
  `date_start_application` datetime NOT NULL,
  `date_end_application` datetime NOT NULL,
  `date_start_mission` datetime NOT NULL,
  `date_end_mission` datetime NOT NULL,
  `date_start_attestation` datetime NOT NULL,
  `date_end_attestation` datetime NOT NULL,
  `date_end` datetime NOT NULL
) ENGINE=InnoDB DEFAULT CHARSET=utf8mb4 COLLATE=utf8mb4_unicode_ci;

--
-- Дамп данных таблицы `missions`
--

INSERT INTO `missions` (`id`, `name`, `max_score`, `id_vice_rector`, `text`, `max_workers`, `date_start`, `date_start_application`, `date_end_application`, `date_start_mission`, `date_end_mission`, `date_start_attestation`, `date_end_attestation`, `date_end`) VALUES
(1, 'Название ИЗ', 2.00, 1, 'Описание ИЗ', 100, '2022-09-20 22:46:16', '2022-09-20 22:46:16', '2022-09-20 22:46:16', '2022-09-20 22:46:16', '2022-09-20 22:46:16', '2022-09-20 22:46:16', '2022-09-20 22:46:16', '2022-09-20 22:46:16'),
(2, 'ИЗ 1: Защиты', 2.00, 2, 'Провести защиту у студентов', 20, '2022-09-20 20:57:42', '2022-09-21 00:01:23', '2022-10-01 23:48:23', '2022-10-02 23:48:23', '2022-10-08 23:48:23', '2022-10-09 23:48:23', '2022-10-15 23:48:23', '2022-10-16 23:48:23'),
(3, 'ИЗ 2: Гранты', 1.50, 2, 'Организовать гранты', 20, '2022-09-20 21:01:22', '2022-09-21 00:01:42', '2022-09-25 23:58:42', '2022-09-26 23:58:42', '2022-10-02 23:58:42', '2022-10-08 23:58:42', '2022-10-09 23:58:42', '2022-10-15 23:58:42'),
(4, 'ИЗ 3: Внебюджетное обучение', 1.00, 2, 'Обучить студентов', 20, '2022-09-20 21:04:57', '2022-10-02 00:03:14', '2022-10-03 00:03:14', '2022-10-04 00:03:14', '2022-10-05 00:03:14', '2022-10-06 00:03:14', '2022-10-07 00:03:14', '2022-10-08 00:03:14'),
(5, 'ИЗ 4: Олимпиады', 1.00, 2, 'Провести олимпиады у студентов', 20, '2022-09-20 21:07:01', '2022-10-01 00:05:01', '2022-10-02 00:05:01', '2022-10-03 00:05:01', '2022-10-04 00:05:01', '2022-10-05 00:05:01', '2022-10-06 00:05:01', '2022-10-07 00:05:01'),
(6, 'ИЗ 5: Профориентация', 1.50, 2, 'Провести профориентацию у студентов', 20, '2022-09-20 21:11:06', '2022-09-21 00:09:35', '2022-09-21 00:09:35', '2022-09-21 00:09:35', '2022-10-02 00:09:35', '2022-10-03 00:09:35', '2022-10-04 00:09:35', '2022-10-05 00:09:35'),
(7, 'ИЗ 6: Трудоустройство', 1.00, 2, 'Провести трудоустройство студентов', 20, '2022-09-20 21:12:10', '2022-09-21 00:11:08', '2022-09-21 00:11:08', '2022-09-21 00:11:08', '2022-10-02 00:11:08', '2022-10-03 00:11:08', '2022-10-04 00:11:08', '2022-10-05 00:11:08'),
(8, 'ИЗ 7: Молодежный НИР', 1.00, 2, 'Провести молодежный НИР', 20, '2022-09-20 21:15:22', '2022-09-21 00:14:06', '2022-09-21 00:14:06', '2022-09-21 00:14:06', '2022-09-21 00:14:06', '2022-09-21 00:14:06', '2022-10-04 00:14:06', '2022-10-05 00:14:06'),
(9, 'ИЗ 8: Подготовка проекта развития Университета, согласованного ректором', 1.00, 2, 'Провести подготовку проекта развития Университета, согласованного ректором', 20, '2022-09-20 21:17:25', '2022-09-21 00:16:26', '2022-09-21 00:16:26', '2022-09-21 00:16:26', '2022-09-21 00:16:26', '2022-09-21 00:16:26', '2022-10-04 00:16:26', '2022-10-05 00:16:26'),
(10, 'ИЗ 9: Продажа прав на ИС', 1.00, 2, 'Провести продажу прав на ИС', 20, '2022-09-20 21:18:34', '2022-09-21 00:17:27', '2022-09-21 00:17:27', '2022-09-21 00:17:27', '2022-09-21 00:17:27', '2022-09-21 00:17:27', '2022-09-21 00:17:27', '2022-09-21 00:17:27'),
(11, 'ИЗ 10: Журналы', 1.00, 2, 'Отслеживание посещаемости студентов', 20, '2022-09-20 21:21:33', '2022-09-21 00:18:35', '2022-09-21 00:18:35', '2022-09-21 00:18:35', '2022-09-21 00:18:35', '2022-09-21 00:18:35', '2022-09-21 00:18:35', '2022-09-21 00:18:35'),
(12, 'ИЗ 11: Целевое обучение', 2.00, 2, 'Провести целевое обучение', 20, '2022-09-20 21:58:53', '2022-09-21 00:57:06', '2022-09-21 00:57:06', '2022-09-21 00:57:06', '2022-09-21 00:57:06', '2022-09-21 00:57:06', '2022-10-05 00:57:06', '2022-10-06 00:57:06'),
(13, 'НАЗВАНИЕ', 1.00, 2, 'ОПИСАНИЕ', 30, '2023-10-08 19:47:07', '2023-10-08 22:45:52', '2023-10-15 22:45:52', '2023-10-22 22:45:52', '2023-10-29 22:45:52', '2023-11-05 22:45:52', '2023-11-12 22:45:52', '2023-11-19 22:45:52');

-- --------------------------------------------------------

--
-- Структура таблицы `notification`
--

CREATE TABLE `notification` (
  `id` bigint(20) UNSIGNED NOT NULL,
  `title` varchar(255) COLLATE utf8mb4_unicode_ci NOT NULL,
  `text` varchar(255) COLLATE utf8mb4_unicode_ci NOT NULL,
  `datetime` datetime NOT NULL
) ENGINE=InnoDB DEFAULT CHARSET=utf8mb4 COLLATE=utf8mb4_unicode_ci;

--
-- Дамп данных таблицы `notification`
--

INSERT INTO `notification` (`id`, `title`, `text`, `datetime`) VALUES
(1, 'Новое!', 'Индивидуальное задание создано', '2022-06-15 23:57:42'),
(2, 'Новое!', 'Индивидуальное задание создано', '2022-06-16 00:01:22'),
(3, 'Новое!', 'Индивидуальное задание изменено', '2022-06-16 00:02:37'),
(4, 'Новое!', 'Индивидуальное задание изменено', '2022-06-16 00:02:46'),
(5, 'Новое!', 'Индивидуальное задание создано', '2022-06-16 00:04:57'),
(6, 'Новое!', 'Индивидуальное задание создано', '2022-06-16 00:07:01'),
(7, 'Новое!', 'Индивидуальное задание создано', '2022-06-16 00:11:06'),
(8, 'Новое!', 'Индивидуальное задание создано', '2022-06-16 00:12:10'),
(9, 'Новое!', 'Индивидуальное задание создано', '2022-06-16 00:15:22'),
(10, 'Новое!', 'Индивидуальное задание создано', '2022-06-16 00:17:25'),
(11, 'Новое!', 'Индивидуальное задание создано', '2022-06-16 00:18:34'),
(12, 'Новое!', 'Индивидуальное задание создано', '2022-06-16 00:21:33'),
(13, 'Новое!', 'Индивидуальное задание создано', '2022-06-16 00:58:53'),
(14, 'Новая заявка', 'Новое!', '2022-06-16 01:19:02'),
(15, 'Новое!', 'Проректор не одобрил задание', '2022-06-16 01:54:57'),
(16, 'Новое!', 'Проректор одобрил задание', '2022-06-16 02:03:42'),
(17, 'Новая заявка', 'Новое!', '2022-06-16 02:19:28'),
(18, 'Новое!', 'Одна из заявок была отозвана', '2022-06-16 02:20:40'),
(19, 'Новое!', 'Новая заявка', '2022-06-16 02:23:09'),
(20, 'Новое!', 'Проректор не одобрил задание', '2022-06-16 02:23:49'),
(21, 'Новое!', 'Заявка принята преподавателем', '2022-06-16 02:27:32'),
(22, 'Новое!', 'Ректор одобрил задание', '2022-06-16 02:43:10'),
(23, 'Новое!', 'Новая заявка', '2022-06-16 02:50:31'),
(24, 'Новое!', 'Индивидуальное задание изменено', '2022-06-16 03:02:00'),
(25, 'Новое!', 'Индивидуальное задание изменено', '2022-06-16 03:16:40'),
(26, 'Новое!', 'Новый отчет', '2022-06-16 03:22:37'),
(27, 'Новое!', 'Отчет не одобрили', '2022-06-16 03:31:49'),
(28, 'Новое!', 'Отчет одобрили', '2022-06-16 03:42:18'),
(29, 'Новая заявка', 'Новое!', '2022-06-16 08:40:41'),
(30, 'Новая заявка', 'Новое!', '2022-06-16 08:40:47'),
(31, 'Новая заявка', 'Новое!', '2022-06-16 08:40:53'),
(32, 'Новая заявка', 'Новое!', '2022-06-16 08:41:00'),
(33, 'Новая заявка', 'Новое!', '2022-06-16 08:41:08'),
(34, 'Новая заявка', 'Новое!', '2022-06-16 08:42:39'),
(35, 'Новая заявка', 'Новое!', '2022-06-16 08:42:45'),
(36, 'Новая заявка', 'Новое!', '2022-06-16 08:42:51'),
(37, 'Новая заявка', 'Новое!', '2022-06-16 08:42:57'),
(38, 'Новая заявка', 'Новое!', '2022-06-16 08:43:02'),
(39, 'Новая заявка', 'Новое!', '2022-06-16 08:43:10'),
(40, 'Новая заявка', 'Новое!', '2022-06-16 08:43:35'),
(41, 'Новая заявка', 'Новое!', '2022-06-16 08:43:40'),
(42, 'Новая заявка', 'Новое!', '2022-06-16 08:43:46'),
(43, 'Новая заявка', 'Новое!', '2022-06-16 08:43:51'),
(44, 'Новая заявка', 'Новое!', '2022-06-16 08:44:04'),
(45, 'Новая заявка', 'Новое!', '2022-06-16 08:44:12'),
(46, 'Новая заявка', 'Новое!', '2022-06-16 08:44:39'),
(47, 'Новая заявка', 'Новое!', '2022-06-16 08:44:44'),
(48, 'Новая заявка', 'Новое!', '2022-06-16 08:44:50'),
(49, 'Новая заявка', 'Новое!', '2022-06-16 08:44:56'),
(50, 'Новая заявка', 'Новое!', '2022-06-16 08:45:10'),
(51, 'Новая заявка', 'Новое!', '2022-06-16 08:45:16'),
(52, 'Новая заявка', 'Новое!', '2022-06-16 08:45:35'),
(53, 'Новая заявка', 'Новое!', '2022-06-16 08:45:40'),
(54, 'Новая заявка', 'Новое!', '2022-06-16 08:45:45'),
(55, 'Новая заявка', 'Новое!', '2022-06-16 08:45:50'),
(56, 'Новая заявка', 'Новое!', '2022-06-16 08:45:55'),
(57, 'Новая заявка', 'Новое!', '2022-06-16 08:46:02'),
(58, 'Новая заявка', 'Новое!', '2022-06-16 08:46:28'),
(59, 'Новая заявка', 'Новое!', '2022-06-16 08:46:33'),
(60, 'Новая заявка', 'Новое!', '2022-06-16 08:46:38'),
(61, 'Новая заявка', 'Новое!', '2022-06-16 08:46:44'),
(62, 'Новая заявка', 'Новое!', '2022-06-16 08:46:51'),
(63, 'Новая заявка', 'Новое!', '2022-06-16 08:46:57'),
(64, 'Новая заявка', 'Новое!', '2022-06-16 08:47:23'),
(65, 'Новая заявка', 'Новое!', '2022-06-16 08:47:29'),
(66, 'Новая заявка', 'Новое!', '2022-06-16 08:47:34'),
(67, 'Новая заявка', 'Новое!', '2022-06-16 08:47:41'),
(68, 'Новая заявка', 'Новое!', '2022-06-16 08:47:49'),
(69, 'Новая заявка', 'Новое!', '2022-06-16 08:47:55'),
(70, 'Новая заявка', 'Новое!', '2022-06-16 08:48:14'),
(71, 'Новая заявка', 'Новое!', '2022-06-16 08:48:19'),
(72, 'Новая заявка', 'Новое!', '2022-06-16 08:48:24'),
(73, 'Новая заявка', 'Новое!', '2022-06-16 08:48:29'),
(74, 'Новая заявка', 'Новое!', '2022-06-16 08:48:36'),
(75, 'Новая заявка', 'Новое!', '2022-06-16 08:48:43'),
(76, 'Новая заявка', 'Новое!', '2022-06-16 08:49:14'),
(77, 'Новая заявка', 'Новое!', '2022-06-16 08:49:20'),
(78, 'Новая заявка', 'Новое!', '2022-06-16 08:49:25'),
(79, 'Новая заявка', 'Новое!', '2022-06-16 08:49:31'),
(80, 'Новая заявка', 'Новое!', '2022-06-16 08:49:38'),
(81, 'Новая заявка', 'Новое!', '2022-06-16 08:49:45'),
(82, 'Новая заявка', 'Новое!', '2022-06-16 08:50:07'),
(83, 'Новая заявка', 'Новое!', '2022-06-16 08:50:12'),
(84, 'Новая заявка', 'Новое!', '2022-06-16 08:50:17'),
(85, 'Новая заявка', 'Новое!', '2022-06-16 08:50:23'),
(86, 'Новая заявка', 'Новое!', '2022-06-16 08:50:31'),
(87, 'Новая заявка', 'Новое!', '2022-06-16 08:50:38'),
(88, 'Новое!', 'Проректор одобрил задание', '2022-06-16 08:51:17'),
(89, 'Новое!', 'Проректор одобрил задание', '2022-06-16 08:51:24'),
(90, 'Новое!', 'Проректор одобрил задание', '2022-06-16 08:51:38'),
(91, 'Новое!', 'Проректор одобрил задание', '2022-06-16 08:51:44'),
(92, 'Новое!', 'Проректор одобрил задание', '2022-06-16 08:51:53'),
(93, 'Новое!', 'Проректор одобрил задание', '2022-06-16 08:52:02'),
(94, 'Новое!', 'Проректор не одобрил задание', '2022-06-16 08:52:38'),
(95, 'Новое!', 'Проректор не одобрил задание', '2022-06-16 08:52:45'),
(96, 'Новое!', 'Проректор одобрил задание', '2022-06-16 08:54:20'),
(97, 'Новое!', 'Проректор одобрил задание', '2022-06-16 08:54:33'),
(98, 'Новое!', 'Проректор одобрил задание', '2022-06-16 08:54:42'),
(99, 'Новое!', 'Проректор одобрил задание', '2022-06-16 08:54:48'),
(100, 'Новое!', 'Проректор одобрил задание', '2022-06-16 08:54:56'),
(101, 'Новое!', 'Проректор одобрил задание', '2022-06-16 08:55:01'),
(102, 'Новое!', 'Проректор не одобрил задание', '2022-06-16 08:55:12'),
(103, 'Новое!', 'Проректор не одобрил задание', '2022-06-16 08:55:17'),
(104, 'Новое!', 'Проректор одобрил задание', '2022-06-16 08:56:03'),
(105, 'Новое!', 'Проректор одобрил задание', '2022-06-16 08:56:07'),
(106, 'Новое!', 'Проректор одобрил задание', '2022-06-16 08:56:11'),
(107, 'Новое!', 'Проректор одобрил задание', '2022-06-16 08:56:15'),
(108, 'Новое!', 'Проректор одобрил задание', '2022-06-16 08:56:19'),
(109, 'Новое!', 'Проректор одобрил задание', '2022-06-16 08:56:28'),
(110, 'Новое!', 'Проректор одобрил задание', '2022-06-16 08:56:37'),
(111, 'Новое!', 'Проректор одобрил задание', '2022-06-16 08:56:45'),
(112, 'Новое!', 'Проректор одобрил задание', '2022-06-16 08:56:52'),
(113, 'Новое!', 'Проректор одобрил задание', '2022-06-16 08:56:58'),
(114, 'Новое!', 'Проректор одобрил задание', '2022-06-16 08:57:18'),
(115, 'Новое!', 'Проректор одобрил задание', '2022-06-16 08:57:26'),
(116, 'Новое!', 'Проректор одобрил задание', '2022-06-16 08:57:35'),
(117, 'Новое!', 'Проректор одобрил задание', '2022-06-16 08:57:39'),
(118, 'Новое!', 'Проректор одобрил задание', '2022-06-16 08:57:46'),
(119, 'Новое!', 'Проректор одобрил задание', '2022-06-16 08:57:50'),
(120, 'Новое!', 'Проректор одобрил задание', '2022-06-16 08:57:54'),
(121, 'Новое!', 'Проректор одобрил задание', '2022-06-16 08:58:03'),
(122, 'Новое!', 'Проректор одобрил задание', '2022-06-16 08:58:07'),
(123, 'Новое!', 'Проректор одобрил задание', '2022-06-16 08:58:13'),
(124, 'Новое!', 'Проректор одобрил задание', '2022-06-16 08:58:33'),
(125, 'Новое!', 'Проректор одобрил задание', '2022-06-16 08:58:37'),
(126, 'Новое!', 'Проректор одобрил задание', '2022-06-16 08:58:43'),
(127, 'Новое!', 'Проректор одобрил задание', '2022-06-16 08:58:48'),
(128, 'Новое!', 'Проректор одобрил задание', '2022-06-16 08:58:57'),
(129, 'Новое!', 'Проректор одобрил задание', '2022-06-16 08:59:01'),
(130, 'Новое!', 'Проректор одобрил задание', '2022-06-16 08:59:06'),
(131, 'Новое!', 'Проректор одобрил задание', '2022-06-16 08:59:11'),
(132, 'Новое!', 'Проректор одобрил задание', '2022-06-16 08:59:18'),
(133, 'Новое!', 'Проректор одобрил задание', '2022-06-16 08:59:22'),
(134, 'Новое!', 'Проректор одобрил задание', '2022-06-16 08:59:44'),
(135, 'Новое!', 'Проректор одобрил задание', '2022-06-16 08:59:50'),
(136, 'Новое!', 'Проректор одобрил задание', '2022-06-16 08:59:57'),
(137, 'Новое!', 'Проректор одобрил задание', '2022-06-16 09:00:02'),
(138, 'Новое!', 'Проректор одобрил задание', '2022-06-16 09:00:06'),
(139, 'Новое!', 'Проректор одобрил задание', '2022-06-16 09:00:09'),
(140, 'Новое!', 'Проректор одобрил задание', '2022-06-16 09:00:13'),
(141, 'Новое!', 'Проректор одобрил задание', '2022-06-16 09:00:17'),
(142, 'Новое!', 'Проректор одобрил задание', '2022-06-16 09:00:21'),
(143, 'Новое!', 'Проректор одобрил задание', '2022-06-16 09:00:24'),
(144, 'Новое!', 'Заявка принята преподавателем', '2022-06-16 09:02:08'),
(145, 'Новое!', 'Заявка принята преподавателем', '2022-06-16 09:02:11'),
(146, 'Новое!', 'Заявка принята преподавателем', '2022-06-16 09:02:13'),
(147, 'Новое!', 'Заявка принята преподавателем', '2022-06-16 09:02:16'),
(148, 'Новое!', 'Заявка принята преподавателем', '2022-06-16 09:02:44'),
(149, 'Новое!', 'Заявка принята преподавателем', '2022-06-16 09:02:47'),
(150, 'Новое!', 'Заявка принята преподавателем', '2022-06-16 09:02:50'),
(151, 'Новое!', 'Заявка принята преподавателем', '2022-06-16 09:02:53'),
(152, 'Новое!', 'Заявка принята преподавателем', '2022-06-16 09:03:59'),
(153, 'Новое!', 'Заявка принята преподавателем', '2022-06-16 09:04:02'),
(154, 'Новое!', 'Заявка принята преподавателем', '2022-06-16 09:04:04'),
(155, 'Новое!', 'Заявка принята преподавателем', '2022-06-16 09:04:06'),
(156, 'Новое!', 'Заявка принята преподавателем', '2022-06-16 09:04:26'),
(157, 'Новое!', 'Заявка принята преподавателем', '2022-06-16 09:04:29'),
(158, 'Новое!', 'Заявка принята преподавателем', '2022-06-16 09:04:31'),
(159, 'Новое!', 'Заявка принята преподавателем', '2022-06-16 09:04:34'),
(160, 'Новое!', 'Заявка принята преподавателем', '2022-06-16 09:04:54'),
(161, 'Новое!', 'Заявка принята преподавателем', '2022-06-16 09:04:56'),
(162, 'Новое!', 'Заявка принята преподавателем', '2022-06-16 09:04:57'),
(163, 'Новое!', 'Заявка принята преподавателем', '2022-06-16 09:04:59'),
(164, 'Новое!', 'Заявка принята преподавателем', '2022-06-16 09:05:19'),
(165, 'Новое!', 'Заявка принята преподавателем', '2022-06-16 09:05:21'),
(166, 'Новое!', 'Заявка принята преподавателем', '2022-06-16 09:05:23'),
(167, 'Новое!', 'Заявка принята преподавателем', '2022-06-16 09:05:25'),
(168, 'Новое!', 'Заявка принята преподавателем', '2022-06-16 09:05:42'),
(169, 'Новое!', 'Заявка принята преподавателем', '2022-06-16 09:05:44'),
(170, 'Новое!', 'Заявка принята преподавателем', '2022-06-16 09:05:46'),
(171, 'Новое!', 'Заявка принята преподавателем', '2022-06-16 09:05:48'),
(172, 'Новое!', 'Заявка принята преподавателем', '2022-06-16 09:06:28'),
(173, 'Новое!', 'Заявка принята преподавателем', '2022-06-16 09:06:30'),
(174, 'Новое!', 'Заявка принята преподавателем', '2022-06-16 09:06:32'),
(175, 'Новое!', 'Заявка принята преподавателем', '2022-06-16 09:06:34'),
(176, 'Новое!', 'Заявка принята преподавателем', '2022-06-16 09:08:05'),
(177, 'Новое!', 'Заявка принята преподавателем', '2022-06-16 09:08:07'),
(178, 'Новое!', 'Заявка принята преподавателем', '2022-06-16 09:08:09'),
(179, 'Новое!', 'Заявка принята преподавателем', '2022-06-16 09:08:12'),
(180, 'Новое!', 'Заявка принята преподавателем', '2022-06-16 09:08:35'),
(181, 'Новое!', 'Заявка принята преподавателем', '2022-06-16 09:08:37'),
(182, 'Новое!', 'Заявка принята преподавателем', '2022-06-16 09:08:39'),
(183, 'Новое!', 'Заявка принята преподавателем', '2022-06-16 09:08:41'),
(184, 'Новое!', 'Заявка принята преподавателем', '2022-06-16 09:09:49'),
(185, 'Новое!', 'Заявка принята преподавателем', '2022-06-16 09:09:52'),
(186, 'Новое!', 'Заявка принята преподавателем', '2022-06-16 09:10:12'),
(187, 'Новое!', 'Заявка принята преподавателем', '2022-06-16 09:10:14'),
(188, 'Новое!', 'Заявка принята преподавателем', '2022-06-16 09:10:30'),
(189, 'Новое!', 'Заявка принята преподавателем', '2022-06-16 09:10:33'),
(190, 'Новое!', 'Заявка принята преподавателем', '2022-06-16 09:10:52'),
(191, 'Новое!', 'Заявка принята преподавателем', '2022-06-16 09:10:54'),
(192, 'Новое!', 'Ректор одобрил задание', '2022-06-16 09:11:20'),
(193, 'Новое!', 'Ректор одобрил задание', '2022-06-16 09:11:23'),
(194, 'Новое!', 'Ректор одобрил задание', '2022-06-16 09:11:31'),
(195, 'Новое!', 'Ректор одобрил задание', '2022-06-16 09:11:33'),
(196, 'Новое!', 'Ректор одобрил задание', '2022-06-16 09:11:45'),
(197, 'Новое!', 'Ректор одобрил задание', '2022-06-16 09:11:47'),
(198, 'Новое!', 'Ректор одобрил задание', '2022-06-16 09:11:48'),
(199, 'Новое!', 'Ректор одобрил задание', '2022-06-16 09:11:50'),
(200, 'Новое!', 'Ректор одобрил задание', '2022-06-16 09:11:53'),
(201, 'Новое!', 'Ректор одобрил задание', '2022-06-16 09:11:55'),
(202, 'Новое!', 'Ректор одобрил задание', '2022-06-16 09:11:57'),
(203, 'Новое!', 'Ректор одобрил задание', '2022-06-16 09:11:59'),
(204, 'Новое!', 'Ректор одобрил задание', '2022-06-16 09:12:01'),
(205, 'Новое!', 'Ректор одобрил задание', '2022-06-16 09:12:03'),
(206, 'Новое!', 'Ректор одобрил задание', '2022-06-16 09:12:15'),
(207, 'Новое!', 'Ректор одобрил задание', '2022-06-16 09:12:17'),
(208, 'Новое!', 'Ректор одобрил задание', '2022-06-16 09:12:20'),
(209, 'Новое!', 'Ректор одобрил задание', '2022-06-16 09:12:22'),
(210, 'Новое!', 'Ректор одобрил задание', '2022-06-16 09:12:23'),
(211, 'Новое!', 'Ректор одобрил задание', '2022-06-16 09:12:25'),
(212, 'Новое!', 'Ректор одобрил задание', '2022-06-16 09:12:27'),
(213, 'Новое!', 'Ректор одобрил задание', '2022-06-16 09:12:29'),
(214, 'Новое!', 'Ректор одобрил задание', '2022-06-16 09:12:31'),
(215, 'Новое!', 'Ректор одобрил задание', '2022-06-16 09:12:33'),
(216, 'Новое!', 'Ректор одобрил задание', '2022-06-16 09:12:38'),
(217, 'Новое!', 'Ректор одобрил задание', '2022-06-16 09:12:40'),
(218, 'Новое!', 'Ректор одобрил задание', '2022-06-16 09:12:42'),
(219, 'Новое!', 'Ректор одобрил задание', '2022-06-16 09:12:44'),
(220, 'Новое!', 'Ректор одобрил задание', '2022-06-16 09:12:46'),
(221, 'Новое!', 'Ректор одобрил задание', '2022-06-16 09:12:48'),
(222, 'Новое!', 'Ректор одобрил задание', '2022-06-16 09:12:49'),
(223, 'Новое!', 'Ректор одобрил задание', '2022-06-16 09:12:51'),
(224, 'Новое!', 'Ректор одобрил задание', '2022-06-16 09:12:53'),
(225, 'Новое!', 'Ректор одобрил задание', '2022-06-16 09:12:55'),
(226, 'Новое!', 'Ректор одобрил задание', '2022-06-16 09:13:05'),
(227, 'Новое!', 'Ректор одобрил задание', '2022-06-16 09:13:07'),
(228, 'Новое!', 'Ректор одобрил задание', '2022-06-16 09:13:09'),
(229, 'Новое!', 'Ректор одобрил задание', '2022-06-16 09:13:11'),
(230, 'Новое!', 'Ректор одобрил задание', '2022-06-16 09:13:13'),
(231, 'Новое!', 'Ректор одобрил задание', '2022-06-16 09:13:15'),
(232, 'Новое!', 'Ректор одобрил задание', '2022-06-16 09:13:17'),
(233, 'Новое!', 'Ректор одобрил задание', '2022-06-16 09:13:18'),
(234, 'Новое!', 'Ректор одобрил задание', '2022-06-16 09:13:20'),
(235, 'Новое!', 'Ректор одобрил задание', '2022-06-16 09:13:22'),
(236, 'Новое!', 'Индивидуальное задание изменено', '2022-06-16 09:14:25'),
(237, 'Новое!', 'Индивидуальное задание изменено', '2022-06-16 09:14:42'),
(238, 'Новое!', 'Индивидуальное задание изменено', '2022-06-16 09:15:08'),
(239, 'Новое!', 'Индивидуальное задание изменено', '2022-06-16 09:15:41'),
(240, 'Новое!', 'Новый отчет', '2022-06-16 09:17:11'),
(241, 'Новое!', 'Новый отчет', '2022-06-16 09:17:30'),
(242, 'Новое!', 'Новый отчет', '2022-06-16 09:17:58'),
(243, 'Новое!', 'Новый отчет', '2022-06-16 09:18:04'),
(244, 'Новое!', 'Новый отчет', '2022-06-16 09:18:46'),
(245, 'Новое!', 'Новый отчет', '2022-06-16 09:18:53'),
(246, 'Новое!', 'Новый отчет', '2022-06-16 09:19:29'),
(247, 'Новое!', 'Новый отчет', '2022-06-16 09:19:40'),
(248, 'Новое!', 'Новый отчет', '2022-06-16 09:20:12'),
(249, 'Новое!', 'Новый отчет', '2022-06-16 09:20:18'),
(250, 'Новое!', 'Новый отчет', '2022-06-16 09:20:39'),
(251, 'Новое!', 'Новый отчет', '2022-06-16 09:20:44'),
(252, 'Новое!', 'Отчет одобрили', '2022-06-16 09:21:35'),
(253, 'Новое!', 'Отчет одобрили', '2022-06-16 09:21:39'),
(254, 'Новое!', 'Отчет не одобрили', '2022-06-16 09:21:57'),
(255, 'Новое!', 'Отчет не одобрили', '2022-06-16 09:22:07'),
(256, 'Новое!', 'Отчет одобрили', '2022-06-16 09:22:49'),
(257, 'Новое!', 'Отчет одобрили', '2022-06-16 09:22:55'),
(258, 'Новое!', 'Отчет не одобрили', '2022-06-16 09:23:03'),
(259, 'Новое!', 'Отчет не одобрили', '2022-06-16 09:23:08'),
(260, 'Новое!', 'Индивидуальное задание изменено', '2022-06-17 12:17:51'),
(261, 'Новое!', 'Новый отчет', '2022-06-17 15:43:46'),
(262, 'Новое!', 'Новый отчет', '2022-06-17 15:43:53'),
(263, 'Новое!', 'Отчет не одобрили', '2022-06-17 15:45:53'),
(264, 'Новое!', 'Отчет не одобрили', '2022-06-17 15:45:57'),
(265, 'Новое!', 'Отчет не одобрили', '2022-06-17 15:46:02'),
(266, 'Новое!', 'Отчет был отозван', '2022-06-17 15:48:57'),
(267, 'Новое!', 'Новый отчет', '2022-06-17 15:49:59'),
(268, 'Новое!', 'Отчет одобрили', '2022-06-17 15:50:27'),
(269, 'Новое!', 'Индивидуальное задание создано', '2023-10-08 22:47:07');

-- --------------------------------------------------------

--
-- Структура таблицы `password_resets`
--

CREATE TABLE `password_resets` (
  `email` varchar(255) COLLATE utf8mb4_unicode_ci NOT NULL,
  `token` varchar(255) COLLATE utf8mb4_unicode_ci NOT NULL,
  `created_at` timestamp NULL DEFAULT NULL
) ENGINE=InnoDB DEFAULT CHARSET=utf8mb4 COLLATE=utf8mb4_unicode_ci;

-- --------------------------------------------------------

--
-- Структура таблицы `personal_access_tokens`
--

CREATE TABLE `personal_access_tokens` (
  `id` bigint(20) UNSIGNED NOT NULL,
  `tokenable_type` varchar(255) COLLATE utf8mb4_unicode_ci NOT NULL,
  `tokenable_id` bigint(20) UNSIGNED NOT NULL,
  `name` varchar(255) COLLATE utf8mb4_unicode_ci NOT NULL,
  `token` varchar(64) COLLATE utf8mb4_unicode_ci NOT NULL,
  `abilities` text COLLATE utf8mb4_unicode_ci DEFAULT NULL,
  `last_used_at` timestamp NULL DEFAULT NULL,
  `created_at` timestamp NULL DEFAULT NULL,
  `updated_at` timestamp NULL DEFAULT NULL
) ENGINE=InnoDB DEFAULT CHARSET=utf8mb4 COLLATE=utf8mb4_unicode_ci;

-- --------------------------------------------------------

--
-- Структура таблицы `report_user`
--

CREATE TABLE `report_user` (
  `id` bigint(20) UNSIGNED NOT NULL,
  `id_user` int(11) NOT NULL,
  `id_mission` int(11) NOT NULL,
  `state` varchar(255) COLLATE utf8mb4_unicode_ci NOT NULL,
  `text` varchar(255) COLLATE utf8mb4_unicode_ci DEFAULT NULL,
  `date` datetime DEFAULT NULL,
  `rating` int(11) DEFAULT NULL
) ENGINE=InnoDB DEFAULT CHARSET=utf8mb4 COLLATE=utf8mb4_unicode_ci;

--
-- Дамп данных таблицы `report_user`
--

INSERT INTO `report_user` (`id`, `id_user`, `id_mission`, `state`, `text`, `date`, `rating`) VALUES
(1, 8, 12, 'Одобрено', 'В ходе выполнения индивидуального задания были выполнены:...', '2022-06-16 03:22:37', 4),
(2, 17, 2, 'Не выложено', NULL, NULL, NULL),
(3, 16, 2, 'Не выложено', NULL, NULL, NULL),
(4, 17, 3, 'Не выложено', NULL, NULL, NULL),
(5, 16, 3, 'Не выложено', NULL, NULL, NULL),
(6, 17, 6, 'Не выложено', NULL, NULL, NULL),
(7, 16, 6, 'Не выложено', NULL, NULL, NULL),
(8, 15, 6, 'Не выложено', NULL, NULL, NULL),
(9, 14, 6, 'Не выложено', NULL, NULL, NULL),
(10, 13, 6, 'Не выложено', NULL, NULL, NULL),
(11, 12, 6, 'Не выложено', NULL, NULL, NULL),
(12, 11, 6, 'Не выложено', NULL, NULL, NULL),
(13, 10, 6, 'Не выложено', NULL, NULL, NULL),
(14, 9, 6, 'Не выложено', NULL, NULL, NULL),
(15, 8, 6, 'Не выложено', NULL, NULL, NULL),
(16, 17, 7, 'Не выложено', NULL, NULL, NULL),
(17, 16, 7, 'Не выложено', NULL, NULL, NULL),
(18, 15, 7, 'Не выложено', NULL, NULL, NULL),
(19, 14, 7, 'Не выложено', NULL, NULL, NULL),
(20, 13, 7, 'Не выложено', NULL, NULL, NULL),
(21, 12, 7, 'Не выложено', NULL, NULL, NULL),
(22, 11, 7, 'Не выложено', NULL, NULL, NULL),
(23, 10, 7, 'Не выложено', NULL, NULL, NULL),
(24, 9, 7, 'Не выложено', NULL, NULL, NULL),
(25, 8, 7, 'Не выложено', NULL, NULL, NULL),
(26, 17, 8, 'Отказано', 'Отп', '2022-06-17 15:43:53', NULL),
(27, 16, 8, 'Не выложено', NULL, NULL, NULL),
(28, 15, 8, 'Не выложено', NULL, NULL, NULL),
(29, 14, 8, 'Не выложено', NULL, NULL, NULL),
(30, 13, 8, 'Отказано', 'В ходе выполнения индивидуального задания были выполнены:...', '2022-06-16 09:20:44', NULL),
(31, 12, 8, 'Отказано', 'В ходе выполнения индивидуального задания были выполнены:...', '2022-06-16 09:20:18', NULL),
(32, 11, 8, 'Одобрено', 'В ходе выполнения индивидуального задания были выполнены:...', '2022-06-16 09:19:40', 4),
(33, 10, 8, 'Одобрено', 'В ходе выполнения индивидуального задания были выполнены:...', '2022-06-16 09:18:53', 4),
(34, 9, 8, 'Отказано', 'В ходе выполнения индивидуального задания были выполнены:...', '2022-06-16 09:18:04', NULL),
(35, 8, 8, 'Отказано', 'В ходе выполнения индивидуального задания были выполнены:...', '2022-06-16 09:17:30', NULL),
(36, 17, 9, 'На рассмотрении', 'Текст', '2022-06-17 15:43:46', NULL),
(37, 16, 9, 'Не выложено', NULL, NULL, NULL),
(38, 15, 9, 'Не выложено', NULL, NULL, NULL),
(39, 14, 9, 'Не выложено', NULL, NULL, NULL),
(40, 13, 9, 'Одобрено', 'В ходе выполнения индивидуального задания были выполнены:...', '2022-06-16 09:20:39', 5),
(41, 12, 9, 'Одобрено', 'В ходе выполнения индивидуального задания были выполнены:...', '2022-06-16 09:20:12', 3),
(42, 11, 9, 'Отказано', 'В ходе выполнения индивидуального задания были выполнены:...', '2022-06-16 09:19:29', NULL),
(43, 10, 9, 'Отказано', 'В ходе выполнения индивидуального задания были выполнены:...', '2022-06-16 09:18:46', NULL),
(44, 9, 9, 'На рассмотрении', 'В ходе выполнения индивидуального задания были выполнены:...', '2022-06-16 09:17:58', NULL),
(45, 8, 9, 'Одобрено', 'Text', '2022-06-17 15:49:59', 3);

-- --------------------------------------------------------

--
-- Структура таблицы `roles`
--

CREATE TABLE `roles` (
  `id` bigint(20) UNSIGNED NOT NULL,
  `name` varchar(255) COLLATE utf8mb4_unicode_ci NOT NULL
) ENGINE=InnoDB DEFAULT CHARSET=utf8mb4 COLLATE=utf8mb4_unicode_ci;

--
-- Дамп данных таблицы `roles`
--

INSERT INTO `roles` (`id`, `name`) VALUES
(1, 'Ректор'),
(2, 'Проректор'),
(3, 'Директор'),
(4, 'Преподаватель');

-- --------------------------------------------------------

--
-- Структура таблицы `users`
--

CREATE TABLE `users` (
  `id` bigint(20) UNSIGNED NOT NULL,
  `name` varchar(255) COLLATE utf8mb4_unicode_ci NOT NULL,
  `email` varchar(255) COLLATE utf8mb4_unicode_ci NOT NULL,
  `email_verified_at` timestamp NULL DEFAULT NULL,
  `password` varchar(255) COLLATE utf8mb4_unicode_ci NOT NULL,
  `id_roles` int(11) DEFAULT NULL,
  `id_department` int(11) DEFAULT NULL,
  `remember_token` varchar(100) COLLATE utf8mb4_unicode_ci DEFAULT NULL,
  `created_at` timestamp NULL DEFAULT NULL,
  `updated_at` timestamp NULL DEFAULT NULL
) ENGINE=InnoDB DEFAULT CHARSET=utf8mb4 COLLATE=utf8mb4_unicode_ci;

--
-- Дамп данных таблицы `users`
--

INSERT INTO `users` (`id`, `name`, `email`, `email_verified_at`, `password`, `id_roles`, `id_department`, `remember_token`, `created_at`, `updated_at`) VALUES
(1, 'ФИО ректора', 'rector@email.com', NULL, '$2y$10$va4kSpIWAaqboByFoVmwz.y94lt4DyRXtnWihHWxLqS2Q517d876G', 1, NULL, NULL, '2022-06-15 17:29:31', '2022-06-15 17:29:31'),
(2, 'ФИО проректора №1', 'vicerector1@email.com', NULL, '$2y$10$va4kSpIWAaqboByFoVmwz.y94lt4DyRXtnWihHWxLqS2Q517d876G', 2, NULL, NULL, '2022-06-15 17:31:10', '2022-06-15 17:31:10'),
(3, 'ФИО проректора №2', 'vicerector2@email.com', NULL, '$2y$10$va4kSpIWAaqboByFoVmwz.y94lt4DyRXtnWihHWxLqS2Q517d876G', 2, NULL, NULL, '2022-06-15 17:31:57', '2022-06-15 17:31:57'),
(4, 'ФИО проректора №3', 'vicerector3@email.com', NULL, '$2y$10$va4kSpIWAaqboByFoVmwz.y94lt4DyRXtnWihHWxLqS2Q517d876G', 2, NULL, NULL, '2022-06-15 17:33:23', '2022-06-15 17:33:23'),
(5, 'ФИО директора №1', 'director1@email.com', NULL, '$2y$10$va4kSpIWAaqboByFoVmwz.y94lt4DyRXtnWihHWxLqS2Q517d876G', 3, 1, NULL, '2022-06-15 17:34:36', '2022-06-15 17:34:36'),
(6, 'ФИО директора №2', 'director2@email.com', NULL, '$2y$10$va4kSpIWAaqboByFoVmwz.y94lt4DyRXtnWihHWxLqS2Q517d876G', 3, 2, NULL, '2022-06-15 17:38:36', '2022-06-15 17:38:36'),
(7, 'ФИО директора №3', 'director3@email.com', NULL, '$2y$10$va4kSpIWAaqboByFoVmwz.y94lt4DyRXtnWihHWxLqS2Q517d876G', 3, 3, NULL, '2022-06-15 17:39:06', '2022-06-15 17:39:06'),
(8, 'ФИО преподавателя №1', 'teacher1@email.com', NULL, '$2y$10$va4kSpIWAaqboByFoVmwz.y94lt4DyRXtnWihHWxLqS2Q517d876G', 4, 1, NULL, '2022-06-15 17:40:02', '2022-06-15 17:40:02'),
(9, 'ФИО преподавателя №2', 'teacher2@email.com', NULL, '$2y$10$va4kSpIWAaqboByFoVmwz.y94lt4DyRXtnWihHWxLqS2Q517d876G', 4, 2, NULL, '2022-06-15 17:40:28', '2022-06-15 17:40:28'),
(10, 'ФИО преподавателя №3', 'teacher3@email.com', NULL, '$2y$10$va4kSpIWAaqboByFoVmwz.y94lt4DyRXtnWihHWxLqS2Q517d876G', 4, 3, NULL, '2022-06-15 17:40:59', '2022-06-15 17:40:59'),
(11, 'ФИО преподавателя №4', 'teacher4@email.com', NULL, '$2y$10$va4kSpIWAaqboByFoVmwz.y94lt4DyRXtnWihHWxLqS2Q517d876G', 4, 4, NULL, '2022-06-16 02:35:40', '2022-06-16 02:35:40'),
(12, '', 'teacher5@email.com', NULL, '$2y$10$va4kSpIWAaqboByFoVmwz.y94lt4DyRXtnWihHWxLqS2Q517d876G', 4, 5, NULL, '2022-06-16 02:36:21', '2022-06-16 02:36:21'),
(13, '', 'teacher6@email.com', NULL, '$2y$10$va4kSpIWAaqboByFoVmwz.y94lt4DyRXtnWihHWxLqS2Q517d876G', 4, 1, NULL, '2022-06-16 02:36:48', '2022-06-16 02:36:48'),
(14, '', 'teacher7@email.com', NULL, '$2y$10$va4kSpIWAaqboByFoVmwz.y94lt4DyRXtnWihHWxLqS2Q517d876G', 4, 2, NULL, '2022-06-16 02:37:11', '2022-06-16 02:37:11'),
(15, 'ФИО преподавателя №8', 'teacher8@email.com', NULL, '$2y$10$va4kSpIWAaqboByFoVmwz.y94lt4DyRXtnWihHWxLqS2Q517d876G', 4, 3, NULL, '2022-06-16 02:37:41', '2022-06-16 02:37:41'),
(16, 'ФИО преподавателя №9', 'teacher9@email.com', NULL, '$2y$10$va4kSpIWAaqboByFoVmwz.y94lt4DyRXtnWihHWxLqS2Q517d876G', 4, 4, NULL, '2022-06-16 02:38:05', '2022-06-16 02:38:05'),
(17, 'ФИО преподавателя №10', 'teacher10@email.com', NULL, '$2y$10$va4kSpIWAaqboByFoVmwz.y94lt4DyRXtnWihHWxLqS2Q517d876G', 4, 5, NULL, '2022-06-16 02:38:25', '2022-06-16 02:38:25'),
(18, 'test', 'test@test.com', NULL, '$2y$10$va4kSpIWAaqboByFoVmwz.y94lt4DyRXtnWihHWxLqS2Q517d876G', NULL, NULL, NULL, '2022-09-29 17:38:46', '2022-09-29 17:38:46'),
(19, 'Test', 'test123@test.com', NULL, '$2y$10$va4kSpIWAaqboByFoVmwz.y94lt4DyRXtnWihHWxLqS2Q517d876G', NULL, NULL, NULL, '2024-07-01 13:20:17', '2024-07-01 13:20:17');

-- --------------------------------------------------------

--
-- Структура таблицы `user_notification`
--

CREATE TABLE `user_notification` (
  `id` bigint(20) UNSIGNED NOT NULL,
  `id_notification` int(11) NOT NULL,
  `id_user` int(11) NOT NULL
) ENGINE=InnoDB DEFAULT CHARSET=utf8mb4 COLLATE=utf8mb4_unicode_ci;

--
-- Дамп данных таблицы `user_notification`
--

INSERT INTO `user_notification` (`id`, `id_notification`, `id_user`) VALUES
(1, 1, 2),
(2, 2, 2),
(3, 3, 2),
(4, 4, 2),
(5, 5, 2),
(6, 6, 2),
(7, 7, 2),
(8, 8, 2),
(9, 9, 2),
(10, 10, 2),
(11, 11, 2),
(12, 12, 2),
(13, 13, 2),
(14, 14, 2),
(15, 15, 8),
(16, 16, 8),
(17, 17, 2),
(18, 18, 2),
(19, 19, 2),
(20, 20, 8),
(21, 21, 2),
(22, 22, 8),
(23, 23, 2),
(24, 24, 2),
(25, 25, 2),
(26, 26, 2),
(27, 27, 8),
(28, 28, 8),
(29, 29, 2),
(30, 30, 2),
(31, 31, 2),
(32, 32, 2),
(33, 33, 2),
(34, 34, 2),
(35, 35, 2),
(36, 36, 2),
(37, 37, 2),
(38, 38, 2),
(39, 39, 2),
(40, 40, 2),
(41, 41, 2),
(42, 42, 2),
(43, 43, 2),
(44, 44, 2),
(45, 45, 2),
(46, 46, 2),
(47, 47, 2),
(48, 48, 2),
(49, 49, 2),
(50, 50, 2),
(51, 51, 2),
(52, 52, 2),
(53, 53, 2),
(54, 54, 2),
(55, 55, 2),
(56, 56, 2),
(57, 57, 2),
(58, 58, 2),
(59, 59, 2),
(60, 60, 2),
(61, 61, 2),
(62, 62, 2),
(63, 63, 2),
(64, 64, 2),
(65, 65, 2),
(66, 66, 2),
(67, 67, 2),
(68, 68, 2),
(69, 69, 2),
(70, 70, 2),
(71, 71, 2),
(72, 72, 2),
(73, 73, 2),
(74, 74, 2),
(75, 75, 2),
(76, 76, 2),
(77, 77, 2),
(78, 78, 2),
(79, 79, 2),
(80, 80, 2),
(81, 81, 2),
(82, 82, 2),
(83, 83, 2),
(84, 84, 2),
(85, 85, 2),
(86, 86, 2),
(87, 87, 2),
(88, 88, 17),
(89, 89, 16),
(90, 90, 15),
(91, 91, 14),
(92, 92, 13),
(93, 93, 12),
(94, 94, 11),
(95, 95, 10),
(96, 96, 17),
(97, 97, 16),
(98, 98, 15),
(99, 99, 14),
(100, 100, 13),
(101, 101, 12),
(102, 102, 11),
(103, 103, 10),
(104, 104, 17),
(105, 105, 16),
(106, 106, 15),
(107, 107, 14),
(108, 108, 13),
(109, 109, 12),
(110, 110, 11),
(111, 111, 10),
(112, 112, 9),
(113, 113, 8),
(114, 114, 17),
(115, 115, 16),
(116, 116, 15),
(117, 117, 14),
(118, 118, 13),
(119, 119, 12),
(120, 120, 11),
(121, 121, 10),
(122, 122, 9),
(123, 123, 8),
(124, 124, 17),
(125, 125, 16),
(126, 126, 15),
(127, 127, 14),
(128, 128, 13),
(129, 129, 12),
(130, 130, 11),
(131, 131, 10),
(132, 132, 9),
(133, 133, 8),
(134, 134, 17),
(135, 135, 16),
(136, 136, 15),
(137, 137, 14),
(138, 138, 13),
(139, 139, 12),
(140, 140, 11),
(141, 141, 10),
(142, 142, 9),
(143, 143, 8),
(144, 144, 2),
(145, 145, 2),
(146, 146, 2),
(147, 147, 2),
(148, 148, 2),
(149, 149, 2),
(150, 150, 2),
(151, 151, 2),
(152, 152, 2),
(153, 153, 2),
(154, 154, 2),
(155, 155, 2),
(156, 156, 2),
(157, 157, 2),
(158, 158, 2),
(159, 159, 2),
(160, 160, 2),
(161, 161, 2),
(162, 162, 2),
(163, 163, 2),
(164, 164, 2),
(165, 165, 2),
(166, 166, 2),
(167, 167, 2),
(168, 168, 2),
(169, 169, 2),
(170, 170, 2),
(171, 171, 2),
(172, 172, 2),
(173, 173, 2),
(174, 174, 2),
(175, 175, 2),
(176, 176, 2),
(177, 177, 2),
(178, 178, 2),
(179, 179, 2),
(180, 180, 2),
(181, 181, 2),
(182, 182, 2),
(183, 183, 2),
(184, 184, 2),
(185, 185, 2),
(186, 186, 2),
(187, 187, 2),
(188, 188, 2),
(189, 189, 2),
(190, 190, 2),
(191, 191, 2),
(192, 192, 17),
(193, 193, 17),
(194, 194, 17),
(195, 195, 17),
(196, 196, 17),
(197, 197, 17),
(198, 198, 17),
(199, 199, 17),
(200, 200, 17),
(201, 201, 17),
(202, 202, 17),
(203, 203, 17),
(204, 204, 17),
(205, 205, 17),
(206, 206, 17),
(207, 207, 17),
(208, 208, 17),
(209, 209, 17),
(210, 210, 17),
(211, 211, 17),
(212, 212, 17),
(213, 213, 17),
(214, 214, 17),
(215, 215, 17),
(216, 216, 17),
(217, 217, 17),
(218, 218, 17),
(219, 219, 17),
(220, 220, 17),
(221, 221, 17),
(222, 222, 17),
(223, 223, 17),
(224, 224, 17),
(225, 225, 17),
(226, 226, 17),
(227, 227, 17),
(228, 228, 17),
(229, 229, 17),
(230, 230, 17),
(231, 231, 17),
(232, 232, 17),
(233, 233, 17),
(234, 234, 17),
(235, 235, 17),
(236, 236, 2),
(237, 237, 2),
(238, 238, 2),
(239, 239, 2),
(240, 240, 2),
(241, 241, 2),
(242, 242, 2),
(243, 243, 2),
(244, 244, 2),
(245, 245, 2),
(246, 246, 2),
(247, 247, 2),
(248, 248, 2),
(249, 249, 2),
(250, 250, 2),
(251, 251, 2),
(252, 252, 13),
(253, 253, 12),
(254, 254, 11),
(255, 255, 10),
(256, 256, 11),
(257, 257, 10),
(258, 258, 9),
(259, 259, 8),
(260, 260, 2),
(261, 261, 2),
(262, 262, 2),
(263, 263, 17),
(264, 264, 13),
(265, 265, 12),
(266, 266, 2),
(267, 267, 2),
(268, 268, 8),
(269, 269, 2);

--
-- Индексы сохранённых таблиц
--

--
-- Индексы таблицы `answer`
--
ALTER TABLE `answer`
  ADD PRIMARY KEY (`id`);

--
-- Индексы таблицы `answer_application`
--
ALTER TABLE `answer_application`
  ADD PRIMARY KEY (`id`);

--
-- Индексы таблицы `answer_report`
--
ALTER TABLE `answer_report`
  ADD PRIMARY KEY (`id`);

--
-- Индексы таблицы `application_user`
--
ALTER TABLE `application_user`
  ADD PRIMARY KEY (`id`);

--
-- Индексы таблицы `departament`
--
ALTER TABLE `departament`
  ADD PRIMARY KEY (`id`);

--
-- Индексы таблицы `failed_jobs`
--
ALTER TABLE `failed_jobs`
  ADD PRIMARY KEY (`id`),
  ADD UNIQUE KEY `failed_jobs_uuid_unique` (`uuid`);

--
-- Индексы таблицы `migrations`
--
ALTER TABLE `migrations`
  ADD PRIMARY KEY (`id`);

--
-- Индексы таблицы `missions`
--
ALTER TABLE `missions`
  ADD PRIMARY KEY (`id`);

--
-- Индексы таблицы `notification`
--
ALTER TABLE `notification`
  ADD PRIMARY KEY (`id`);

--
-- Индексы таблицы `password_resets`
--
ALTER TABLE `password_resets`
  ADD KEY `password_resets_email_index` (`email`);

--
-- Индексы таблицы `personal_access_tokens`
--
ALTER TABLE `personal_access_tokens`
  ADD PRIMARY KEY (`id`),
  ADD UNIQUE KEY `personal_access_tokens_token_unique` (`token`),
  ADD KEY `personal_access_tokens_tokenable_type_tokenable_id_index` (`tokenable_type`,`tokenable_id`);

--
-- Индексы таблицы `report_user`
--
ALTER TABLE `report_user`
  ADD PRIMARY KEY (`id`);

--
-- Индексы таблицы `roles`
--
ALTER TABLE `roles`
  ADD PRIMARY KEY (`id`);

--
-- Индексы таблицы `users`
--
ALTER TABLE `users`
  ADD PRIMARY KEY (`id`),
  ADD UNIQUE KEY `users_email_unique` (`email`);

--
-- Индексы таблицы `user_notification`
--
ALTER TABLE `user_notification`
  ADD PRIMARY KEY (`id`);

--
-- AUTO_INCREMENT для сохранённых таблиц
--

--
-- AUTO_INCREMENT для таблицы `answer`
--
ALTER TABLE `answer`
  MODIFY `id` bigint(20) UNSIGNED NOT NULL AUTO_INCREMENT, AUTO_INCREMENT=15;

--
-- AUTO_INCREMENT для таблицы `answer_application`
--
ALTER TABLE `answer_application`
  MODIFY `id` bigint(20) UNSIGNED NOT NULL AUTO_INCREMENT, AUTO_INCREMENT=7;

--
-- AUTO_INCREMENT для таблицы `answer_report`
--
ALTER TABLE `answer_report`
  MODIFY `id` bigint(20) UNSIGNED NOT NULL AUTO_INCREMENT, AUTO_INCREMENT=9;

--
-- AUTO_INCREMENT для таблицы `application_user`
--
ALTER TABLE `application_user`
  MODIFY `id` bigint(20) UNSIGNED NOT NULL AUTO_INCREMENT, AUTO_INCREMENT=62;

--
-- AUTO_INCREMENT для таблицы `departament`
--
ALTER TABLE `departament`
  MODIFY `id` bigint(20) UNSIGNED NOT NULL AUTO_INCREMENT, AUTO_INCREMENT=6;

--
-- AUTO_INCREMENT для таблицы `failed_jobs`
--
ALTER TABLE `failed_jobs`
  MODIFY `id` bigint(20) UNSIGNED NOT NULL AUTO_INCREMENT;

--
-- AUTO_INCREMENT для таблицы `migrations`
--
ALTER TABLE `migrations`
  MODIFY `id` int(10) UNSIGNED NOT NULL AUTO_INCREMENT, AUTO_INCREMENT=41;

--
-- AUTO_INCREMENT для таблицы `missions`
--
ALTER TABLE `missions`
  MODIFY `id` bigint(20) UNSIGNED NOT NULL AUTO_INCREMENT, AUTO_INCREMENT=14;

--
-- AUTO_INCREMENT для таблицы `notification`
--
ALTER TABLE `notification`
  MODIFY `id` bigint(20) UNSIGNED NOT NULL AUTO_INCREMENT, AUTO_INCREMENT=270;

--
-- AUTO_INCREMENT для таблицы `personal_access_tokens`
--
ALTER TABLE `personal_access_tokens`
  MODIFY `id` bigint(20) UNSIGNED NOT NULL AUTO_INCREMENT;

--
-- AUTO_INCREMENT для таблицы `report_user`
--
ALTER TABLE `report_user`
  MODIFY `id` bigint(20) UNSIGNED NOT NULL AUTO_INCREMENT, AUTO_INCREMENT=46;

--
-- AUTO_INCREMENT для таблицы `roles`
--
ALTER TABLE `roles`
  MODIFY `id` bigint(20) UNSIGNED NOT NULL AUTO_INCREMENT, AUTO_INCREMENT=5;

--
-- AUTO_INCREMENT для таблицы `users`
--
ALTER TABLE `users`
  MODIFY `id` bigint(20) UNSIGNED NOT NULL AUTO_INCREMENT, AUTO_INCREMENT=20;

--
-- AUTO_INCREMENT для таблицы `user_notification`
--
ALTER TABLE `user_notification`
  MODIFY `id` bigint(20) UNSIGNED NOT NULL AUTO_INCREMENT, AUTO_INCREMENT=270;
COMMIT;

/*!40101 SET CHARACTER_SET_CLIENT=@OLD_CHARACTER_SET_CLIENT */;
/*!40101 SET CHARACTER_SET_RESULTS=@OLD_CHARACTER_SET_RESULTS */;
/*!40101 SET COLLATION_CONNECTION=@OLD_COLLATION_CONNECTION */;
